679859	My cell phone doesn't work.	11924822	Ponsel saya tidak berfungsi.
5416405	Get well soon.	11924825	Semoga lekas sembuh.
434996	He sells cars.	11924827	Dia menjual mobil.
2748812	She sells seashells in Chelsea.	11924828	Dia menjual kerang laut di Chelsea.
67900	That store sells men's wear.	11924830	Toko itu menjual pakaian pria.
5774059	That's very, very sad.	11924837	Itu sangat, sangat menyedihkan.
3286968	They found nothing suspicious.	11924841	Mereka tidak menemukan sesuatu yang mencurigakan.
11924846	Tom put on the mask that Mary gave him.	11924852	Tom memakai masker yang Mary berikan kepadanya.
5308245	What colour is your hair?	4225752	Apa warna rambutmu?
20392	Never mind.	4555926	Sudahlah.
11926422	Tom borrowed my umbrella.	11926424	Tom meminjam payungku.
707129	It's so big!	11926427	Besar banget!
1839582	Tom sat cross-legged in the dark.	11926433	Tom duduk bersila di kegelapan.
11828444	She didn't say anything, she just cried.	11926461	Dia tidak mengatakan apa-apa, dia hanya menangis.
2107479	Tom's deaf.	11926481	Tom tuli.
11926491	Tom has meningitis.	11926504	Tom menderita penyakit meningitis.
853153	He came.	10000571	Dia datang.
853152	She came.	10000571	Dia datang.
11923308	Please don't touch anything.	11927001	Tolong jangan sentuh apa pun.
11927004	Avoid Tom.	11927005	Hindari Tom.
7787903	I amn't going to do that.	11927040	Aku tidak akan melakukan itu.
2545342	I'm not going to do that.	11927040	Aku tidak akan melakukan itu.
2271957	I won't do that.	11927040	Aku tidak akan melakukan itu.
11927104	I was a bum.	11927124	Aku dulu gelandangan.
11927132	I was a rebel.	11927136	Dulu saya seorang pemberontak.
11927150	I was let in.	11927163	Aku dibiarkan masuk.
11927206	Are you offended?	11927213	Apakah kamu tersinggung?
11927327	I was born in a refugee camp.	11927338	Saya lahir di kamp pengungsi.
11927333	I was born on a Monday.	11927340	Saya lahir pada hari Senin.
11927344	Come watch.	11927345	Ayo tonton.
8475996	He's a bum.	11927356	Dia gelandangan.
20200	A reporter is interviewing Dr. Patterson about Koko, a talking gorilla.	1034576	Seorang wartawan sedang mewawancarai Dr. Patterson mengenai koko, gorila yang bisa bicara.
3758593	Ow!	4556918	Aduh!
11271712	Gross.	11802852	Jorok!
11926944	That's much more important!	11654007	Itu jauh lebih penting!
11926821	My neighbour is French.	11927387	Tetangga saya orang Prancis.
254963	I can't smoke.	11928065	Aku tidak boleh merokok.
280208	I can't move.	11928066	Aku tidak bisa bergerak.
1650172	I can't breathe.	11928067	Aku tidak bisa bernapas.
1954908	I can't stand.	11928068	Aku tidak bisa berdiri.
8942762	I can't believe you don't like peanut butter.	11928069	Aku tidak percaya kamu tidak suka selai kacang.
3911000	I can't protect them.	11928070	Aku tidak bisa melindungi mereka.
2202968	I'm illiterate.	10259308	Aku buta huruf.
2648657	Tom went surfing.	11928071	Tom pergi berselancar.
683997	I can't trust him.	11928072	Aku tidak bisa mempercayainya.
1951549	I can't eat chicken.	11928073	Aku tidak boleh makan ayam.
1257353	I can't forgive her.	10963156	Aku tidak bisa memaafkannya.
609291	I can't talk.	11928074	Aku tidak bisa berbicara.
1841700	I can't see.	11928075	Saya tidak bisa melihat.
1951742	I can't go.	11928076	Aku tidak boleh pergi.
237738	I can't live without you.	986164	Aku tak dapat hidup tanpamu.
1951547	I can't drive.	11928079	Aku tidak bisa menyetir.
1954729	I can't read.	11928080	Saya tidak bisa membaca.
2245904	I haven't slept.	10068844	Aku belum tidur.
32599	I haven't finished my homework yet.	3253771	Aku belum menyelesaikan pekerjaan rumahku.
8580091	Algiers is completely different.	11928082	Aljir sama sekali berbeda.
1109373	It's been a long time since I've worn a tie.	11928083	Sudah lama aku tidak memakai dasi.
4979518	He lives in his aunt's house.	11928085	Dia tinggal di rumah bibinya.
7633324	Tom hasn't yet returned from Australia.	11928087	Tom belum kembali dari Australia.
2360711	I hear you're very good at French.	11928090	Kudengar kamu sangat pandai berbahasa Prancis.
6203836	Tomorrow is Wednesday.	11928093	Besok hari Rabu.
6268880	Only two people did that.	11928094	Hanya dua orang yang melakukan itu.
57202	Is there a gas station around here?	11928097	Apakah ada pom bensin di sekitar sini?
10210393	Ziri touched Rima.	11928098	Ziri menyentuh Rima.
3818583	Tom isn't very well.	11928099	Tom tidak begitu sehat.
9419751	I live in the capital.	11928100	Saya tinggal di ibu kota.
9419742	I saw them swimming.	11928103	Aku melihat mereka berenang.
9419733	He is not happy although he has money.	11928105	Dia tidak bahagia meskipun dia punya uang.
9419727	We go there frequently.	11928106	Kami sering pergi ke sana.
9439755	Tom and Mary aren't religious at all.	11928108	Tom dan Mary tidak religius sama sekali.
9415368	Other than there, this language is spoken in Goa, Karnataka, Gujarat, Andhra Pradesh, Madhya Pradesh, Tamil Nadu and Chattisgarh.	11928111	Selain di sana, bahasa ini juga digunakan di Goa, Karnataka, Gujarat, Andhra Pradesh, Madhya Pradesh, Tamil Nadu dan Chhattisgarh.
11928110	Tom is a criminologist.	11928112	Tom adalah seorang kriminolog.
7333982	You found something.	11928114	Kamu menemukan sesuatu.
9353250	Search!	11928117	Carilah!
2241096	We found something.	11929185	Kami menemukan sesuatu.
2587698	I appreciate you.	11929228	Saya menghargai Anda.
2587698	I appreciate you.	11929229	Aku menghargaimu.
11929235	Get a saw.	11929237	Ambil gergaji.
11929674	She is writing.	11239903	Dia sedang menulis.
68198	The star which shines up there is Jupiter.	773602	Bintang yang bersinar di atas sana adalah Jupiter
8459640	Unfortunately, nobody told us.	10313528	Sayangnya, tidak ada yang memberi tahu kami.
320819	My mother is busy in the kitchen.	4222601	Ibuku sedang sibuk di dapur.
315830	She plays tennis in the morning.	1800259	Dia bermain tenis pada pagi hari.
442120	This flag is very beautiful.	1372420	Bendera ini sangat indah.
8478241	He was writing.	11239903	Dia sedang menulis.
8651876	She was writing.	11239903	Dia sedang menulis.
11930383	Vladimir put his socks on the table.	11930387	Vladimir meletakkan kaus kakinya di atas meja.
11931717	We don't want to.	11931741	Kita tidak mau.
11931716	She doesn't want to.	11931748	Dia tidak mau.
11931715	He doesn't want to.	11931748	Dia tidak mau.
11931659	Tom likes comedy.	11931750	Tom suka komedi.
11931163	Don't eat too many hot dogs.	11931752	Jangan makan hot dog terlalu banyak.
11931717	We don't want to.	11931753	Kami tidak mau.
11931185	I'm not pessimistic, but skeptical.	11931760	Saya tidak pesimistis, tetapi skeptis.
11931224	Don't kiss.	11931763	Jangan berciuman.
11931843	I can't, and I don't want to.	11932277	Aku tidak bisa, dan aku tidak mau.
11931830	Are you OK alone?	11932280	Kamu gak apa-apa sendirian?
11931523	He doesn't know what that word means.	11932285	Dia tidak tahu apa arti kata itu.
6983336	Melanie said that she likes to swim.	11932308	Melanie bilang dia suka berenang.
6436570	Tom said he thought Mary was drunk.	11932315	Tom bilang dia kira Mary mabuk.
11919792	There are many pagodas here.	11932322	Ada banyak pagoda di sini.
11931465	There are a lot of pagodas here.	11932322	Ada banyak pagoda di sini.
28300	On your marks, get set, go!	11933181	Bersedia, siap, ya!
2199654	On your mark, get set, go!	11933181	Bersedia, siap, ya!
1989323	On your mark! Get set! Go!	11933181	Bersedia, siap, ya!
10999835	His sister lives in Scotland.	11933189	Adiknya tinggal di Skotlandia.
1803070	Her sister lives in Scotland.	11933189	Adiknya tinggal di Skotlandia.
8480047	He's aggressive.	5158569	Dia agresif.
1764503	She has wine.	3970754	Dia memiliki anggur.
1740856	He gave me a ride home.	4261496	Dia mengantarku pulang.
2950821	She is always on my side.	4314907	Dia selalu membelaku.
1079123	Here's your bag.	4321246	Ini dia tasmu.
8952904	I worry about her.	4323220	Aku mengkhawatirkan dia.
314853	She looks young.	4327381	Dia terlihat muda.
3904950	You underestimated him.	4329113	Kau meremehkan dia.
3904951	You underestimated her.	4329113	Kau meremehkan dia.
11933198	Tom bothered Mary.	11933207	Tom mengganggu Mary.
9189228	She drinks water.	5163955	Dia minum air.
294855	He is a student.	7846447	Dia seorang siswa.
5901913	He's a student.	7846447	Dia seorang siswa.
10129913	Where has he gone?	3882928	Ke mana perginya dia?
10129914	Where's he gone?	3882928	Ke mana perginya dia?
1657740	He's not a liar.	3934369	Dia bukan seorang pembohong.
4165861	He is not a liar.	3934369	Dia bukan seorang pembohong.
8479155	He isn't a liar.	3934369	Dia bukan seorang pembohong.
283292	He hasn't come yet.	4038655	Dia masih belum datang.
354251	She lived a happy life.	4210046	Dia hidup dengan bahagia.
3758685	He's always very polite.	4289156	Dia selalu sopan santun.
10115166	Let's eat Grandma.	11933455	Mari kita makan Nenek.
1806256	Oh, no!	11934231	Oh, tidak!
1299275	Oh no!	11934231	Oh, tidak!
2030119	You've got to be kidding me!	4325182	Kau pasti bercanda!
618799	That's true.	11934238	Itu benar.
3086839	Gosh!	10753355	Astaga!
837409	The computer is broken.	11934267	Komputernya rusak.
11934268	Don't spit.	11934271	Jangan meludah.
1189719	I'm eating.	10715970	Saya sedang makan.
1189719	I'm eating.	11934273	Aku lagi makan.
11934274	Don't spit here.	11934275	Jangan meludah di sini.
11934272	Tom has faith.	11934277	Tom berkeyakinan.
11934350	Don't eat it, OK?	11934351	Jangan dimakan, ya?
11934597	Tom is brokenhearted.	11934599	Tom patah hati.
11934590	Don't kick.	11934600	Jangan menendang.
3956084	Tom was brokenhearted.	11934599	Tom patah hati.
11934495	Tom accompanied Mary.	11934623	Tom menemani Mary.
11934320	Don't eat too many cookies.	11934626	Jangan makan kue terlalu banyak.
11934357	The folder caught fire.	11934631	Mapnya kebakar.
2548080	Tom plays the flute.	11934632	Tom bermain seruling.
11934643	Don't erase the blackboard.	11934657	Papan tulisnya jangan dihapus.
55521	Whose pencil is this?	11934689	Ini pensil siapa?
11934700	Vladimir has to wear gloves.	11934709	Vladimir harus memakai sarung tangan.
5593330	Don't delete this file.	11934618	File ini jangan dihapus.
3703145	Talking about music is like dancing about architecture.	11935697	Berbicara tentang musik itu seperti menari tentang arsitektur.
312389	She wore a loose jacket.	11935703	Dia memakai jaket longgar.
6694411	Sami's laptop disappeared.	11935720	Laptop milik Sami menghilang.
11935737	Fill in this form, please.	11935739	Silakan isi formulir ini.
11255787	Feta cheese has a lot of salt.	11935744	Keju feta mengandung banyak garam.
6960563	Big car, little dick.	11936001	Mobilnya besar, kontolnya kecil.
3121923	Marian and Harry have long hair.	11936005	Marian dan Harry berambut panjang.
996930	I already read all the Harry Potter books.	11936006	Aku sudah membaca semua buku Harry Potter.
11935789	I couldn't avoid it.	11936033	Saya tidak bisa menghindarinya.
11935788	I couldn't avoid him.	11936033	Saya tidak bisa menghindarinya.
11935791	I couldn't avoid her.	11936033	Saya tidak bisa menghindarinya.
682511	In the United States, school buses are yellow.	11936114	Di Amerika Serikat, bus sekolah berwarna kuning.
10192806	Don't touch the blue button.	11936117	Jangan sentuh tombol biru.
6069951	A life sentence in Indonesia means you're gonna die in jail.	9998328	Hukuman seumur hidup di Indonesia berarti kamu akan mati di penjara.
11936183	Vladimir recited some verses of the Quran.	11936204	Vladimir membacakan beberapa ayat Alquran.
6090608	Pray!	11936987	Berdoalah!
10056884	Amen.	11938140	Amin.
1216015	That's right.	11934238	Itu benar.
1897785	That's correct.	11934238	Itu benar.
1669996	That is correct.	11934238	Itu benar.
11939078	We are trapped.	11939082	Kita terjebak.
2107365	We're trapped.	11939082	Kita terjebak.
6336938	I wonder whether Tom is crazy.	10715967	Saya bertanya-tanya apakah Tom gila.
6231599	I wonder if Tom is crazy.	10715967	Saya bertanya-tanya apakah Tom gila.
4959354	I study sometimes!	4959501	Saya belajar kadang-kadang!
11027372	I'm Dr. Jackson.	11940192	Saya dr. Jackson.
318556	Don't be ashamed of being poor.	7021479	Jangan malu karena miskin.
565931	Kiss me.	4897822	Cium saya.
1122514	I'm a woman.	7024445	Aku perempuan.
7541483	Tom doesn't know anything about badminton.	11944353	Tom tidak tahu apa-apa tentang bulu tangkis.
435114	His socks are purple.	11944378	Kaus kakinya berwarna ungu.
3752928	She should learn Esperanto.	11944397	Dia harus belajar bahasa Esperanto.
3752927	He should learn Esperanto.	11944397	Dia harus belajar bahasa Esperanto.
11944435	Said bought me peanuts.	11944447	Said membelikan saya kacang.
11944446	You have arrived in Ighrem.	11944458	Anda telah sampai di Ighrem.
9255733	We need cement and sand.	11945988	Kami membutuhkan semen dan pasir.
4567809	I'm not a robot.	11946000	Aku bukan robot.
55514	Whose room is this?	8832556	Ini kamar siapa?
55517	Whose bicycle is this?	5881903	Sepeda ini milik siapa?
56897	Whose is this book?	3864961	Buku siapa ini?
58875	Whose is this bicycle?	5881903	Sepeda ini milik siapa?
318701	A woman whose husband is dead is called a widow.	785450	Seorang wanita, yang suaminya meninggal, disebut janda.
9826635	I like white roses more than red ones.	4582769	Aku lebih suka mawar putih daripada mawar merah.
11158860	I play chess every day.	11947250	Aku bermain catur setiap hari.
4494056	Maybe Tom shouldn't be here.	11947252	Mungkin Tom seharusnya tidak berada di sini.
433763	I'm OK.	3479026	Aku baik-baik saja.
257272	I'm fine.	3479026	Aku baik-baik saja.
1202037	I'm Antonio.	11947738	Saya Antonio.
11613358	I'm Canadian, but I live in Australia.	11947744	Saya orang Kanada, tetapi saya tinggal di Australia.
11947767	We're too tired.	11947768	Kami terlalu lelah.
11947617	Tiziri corrected it.	11947774	Tiziri memperbaikinya.
11947581	She doesn't want to lend her sister a pen.	11947783	Dia tidak mau meminjamkan pena kepada kakaknya.
11947552	They looked for you in Tixeraine.	11947794	Mereka mencarimu di Tixeraine.
11947524	He moved to At Rzine.	11947797	Dia pindah ke At Rzine.
11945896	I didn't invite her to the party.	11947799	Aku tidak mengundangnya ke pesta.
11945862	Yuba does not drink coffee.	11947803	Yuba tidak minum kopi.
11947804	I almost threw up.	11947815	Aku hampir muntah.
11947732	They should eat.	11947823	Mereka harus makan.
11946931	He called his friend.	11947831	Dia menelepon temannya.
11946927	She called her husband.	11947832	Dia menelepon suaminya.
11873899	I'm still stuck.	11947854	Aku masih terjebak.
11873652	Tom still lives here.	11947870	Tom masih tinggal di sini.
11873912	I'm still curious.	11947872	Aku masih penasaran.
11873919	I'm still healthy.	11947873	Aku masih sehat.
20567	There is one apple on the desk.	11947878	Ada satu buah apel di atas meja.
19453	Is there a milkman?	11947881	Apakah ada tukang susu?
21185	Dry sand absorbs water.	11947882	Pasir yang kering menyerap air.
294120	He does not smoke.	11947883	Dia tidak merokok.
11943206	No one works there any more.	11947903	Tidak ada lagi yang bekerja di sana.
11943197	I don't know why he's late.	11947907	Aku tidak tahu mengapa dia terlambat.
11935951	She married one of his students.	11947922	Dia menikah dengan salah satu muridnya.
11899635	Don't forget to knock.	11947928	Jangan lupa mengetuk pintu.
11895817	You're reading the wrong books.	11947931	Kamu membaca buku-buku yang salah.
4502809	Everybody wants something.	11947937	Setiap orang menginginkan sesuatu.
348107	Come on in.	11251707	Masuklah.
7162486	His favorite subject is mathematics.	11137855	Mata pelajaran kesukaannya adalah Matematika.
10752488	He often went swimming in that river.	9996099	Dia sering pergi berenang di sungai itu.
279247	The phone is out of order.	4217216	Teleponnya rusak.
1565471	I look forward to it.	4390524	Saya menantikannya.
2250243	His name's Tom.	4556457	Namanya Tom.
8498193	Tom liked him.	4476968	Tom menyukainya.
8498192	Tom liked her.	4476968	Tom menyukainya.
2237167	Tom likes him.	4476968	Tom menyukainya.
2237175	Tom likes that.	4476968	Tom menyukainya.
2329335	I gave it back.	4739285	Aku mengembalikannya.
6884378	At last!	4897791	Akhirnya!
1438701	I'm sleepy.	11949768	Aku mengantuk.
1563110	I'm innocent.	11949777	Aku tidak bersalah.
1563108	I'm not guilty.	11949777	Aku tidak bersalah.
7780677	Dogs that are dead can't bite.	3221260	Anjing yang mati tak bisa menggigit.
7780327	Dead dogs can't bite.	3221260	Anjing yang mati tak bisa menggigit.
827295	I hate you.	11950413	Aku membencimu.
1213414	I don't love you.	11950425	Aku tidak mencintaimu.
9475674	Ok! Thanks.	11951655	Oke! Terima kasih.
9192040	Beef is expensive.	11951666	Daging sapi itu mahal.
11950832	There were cobwebs everywhere.	11951707	Ada sarang laba-laba di mana-mana.
11934251	Your aunt is waiting for you.	11951751	Bibimu menunggumu.
11787283	It's just a spider.	11951762	Itu cuman laba-laba.
5009640	Tom was killed by Mary.	4788287	Tom dibunuh Mary.
11953369	He spoke to him.	11953470	Dia berbicara kepadanya.
8479570	He spoke to her.	11953470	Dia berbicara kepadanya.
3998125	Dan and his friends gathered outside the police station.	11953535	Dan dan teman-temannya berkumpul di luar kantor polisi.
1422846	This is a Betamax cassette.	11953573	Ini kaset Betamax.
1211442	This is ice.	11953771	Ini es.
11953776	I didn't invite Tom to the party.	11953781	Aku tidak mengundang Tom ke pesta.
11009467	Done!	11954472	Selesai!
9353251	Hide!	11954477	Sembunyi!
7772536	I go.	11954484	Aku pergi.
1130100	Farewell!	11954538	Selamat tinggal!
7869885	Farewell.	11930273	Selamat tinggal.
3264694	Tom lost his new watch.	11954580	Tom kehilangan jam tangan barunya.
7590720	I don't know where he is.	11954595	Aku tidak tahu dia di mana.
8736219	I don't know where she is.	11954595	Aku tidak tahu dia di mana.
324673	It's five in the evening.	11954623	Sekarang jam lima sore.
7495284	Tom forgot to bring a torch.	11954639	Tom lupa membawa senter.
3428371	Tom forgot to bring a flashlight.	11954639	Tom lupa membawa senter.
11954648	She hates us.	11954650	Dia membenci kita.
8475968	He hates us.	11954650	Dia membenci kita.
11954692	I didn't invite him to the party.	11947799	Aku tidak mengundangnya ke pesta.
3989523	Dan didn't even want to go there.	11955855	Dan bahkan tidak ingin pergi ke sana.
4496800	This is complicated.	11955862	Ini rumit.
11536859	There are 64 districts in Bangladesh.	11955876	Ada 64 distrik di Bangladesh.
2239738	Tom was bald.	11922094	Tom botak.
11598049	I don't even know her last name.	11957930	Aku bahkan tidak tahu nama belakangnya.
2546472	It's strange, isn't it?	11958113	Aneh, kan?
9673116	Mount Everest is the tallest mountain in the world.	11958282	Gunung Everest adalah gunung paling tinggi di dunia.
10099902	Mt. Everest is the tallest mountain in the world.	11958282	Gunung Everest adalah gunung paling tinggi di dunia.
10741490	Mount Everest is the highest mountain in the world.	11207442	Gunung Everest adalah gunung tertinggi di dunia.
10099902	Mt. Everest is the tallest mountain in the world.	11207442	Gunung Everest adalah gunung tertinggi di dunia.
9673116	Mount Everest is the tallest mountain in the world.	11207442	Gunung Everest adalah gunung tertinggi di dunia.
302101	He can't read it.	11958296	Dia tidak bisa membacanya.
9673129	The tallest mountain in the world is Mount Everest.	11958302	Gunung tertinggi di dunia adalah Gunung Everest.
65301	Mt. Everest is the highest mountain in the world.	11958282	Gunung Everest adalah gunung paling tinggi di dunia.
10741490	Mount Everest is the highest mountain in the world.	11958282	Gunung Everest adalah gunung paling tinggi di dunia.
11958303	Tom is already three hours late.	11958313	Tom sudah telat tiga jam.
11959325	Bring a friend.	11959387	Ajak teman.
6873170	I'm going to play tennis.	751321	Saya akan bermain tenis.
11593910	It's weird, isn't it?	11958113	Aneh, kan?
2742946	He loves him.	11959743	Dia mencintainya.
394633	He loves her.	11959743	Dia mencintainya.
2742954	She loves her.	11959743	Dia mencintainya.
887283	She loves him.	11959743	Dia mencintainya.
1064354	Let's play hide-and-seek!	11959765	Ayo main petak umpet!
3914080	I kissed him.	10729459	Aku menciumnya.
887516	She wants to kiss him.	4924431	Dia ingin menciumnya.
1437170	She is crazy.	10644312	Dia gila.
1437171	She's crazy.	10644312	Dia gila.
432943	Mr Gorbachev, tear down this wall!	11962010	Tn. Gorbachev, runtuhkan tembok ini!
244193	Do you remember Mr Saito?	2932399	Apakah Anda ingat Tn. Saito?
2670275	Do you love her?	3369211	Apakah kamu mencintainya?
302877	He loves her. She loves him, too.	1503867	Dia mencintainya. Dia juga mencintainya.
28705	Accept a person's love.	1504999	Menerima cinta seseorang.
1766701	I love life.	3290568	Saya cinta hidup.
2818769	Do you love him?	3369211	Apakah kamu mencintainya?
326263	Is this love?	3478834	Apakah ini cinta?
1607904	This is true love.	4556024	Inilah cinta sejati.
3415382	Tom doesn't love me.	10256269	Tom tidak mencintaiku.
7385568	He loves his children.	3253781	Dia mencintai anak-anaknya.
3962692	This is my first love.	3363347	Ini cinta pertama saya.
11935535	I don't love him any more.	3508166	Aku tidak mencintainya lagi.
11935536	I don't love her any more.	3508166	Aku tidak mencintainya lagi.
1103327	I do not love him anymore.	3508166	Aku tidak mencintainya lagi.
628763	I love you, too.	6044285	Aku cinta kamu juga
2688199	I love you too.	6044285	Aku cinta kamu juga
327754	She looked bored while we were making love.	1652063	Dia terlihat bosan saat kami bercinta.
1994499	I'm too drunk.	11962079	Aku terlalu mabuk.
2046654	I'm too busy.	11962081	Saya terlalu sibuk.
5840547	I'm too thin.	11962082	Aku terlalu kurus.
5551009	I want popcorn.	11962085	Aku mau popcorn.
11369250	Ziri and Skura hacked Rima's computer.	11962087	Ziri dan Skura meretas komputer milik Rima.
3917997	I'm going to follow them.	11962088	Aku akan mengikuti mereka.
3917978	I'll follow them.	11962088	Aku akan mengikuti mereka.
8573851	Tom enjoys listening to heavy metal.	11962090	Tom suka mendengarkan musik heavy metal.
2111730	I'm glad.	11475044	Saya senang.
4397624	Is this a hoax?	11962094	Ini hoaks?
10508942	Tom touched Mary.	11962107	Tom menyentuh Mary.
1886713	What was inside?	11962109	Ada apa di dalamnya?
11960509	She didn't want to wait.	11962113	Dia tidak mau menunggu.
11960506	This is Rose.	11962114	Ini Rose.
11960502	I won't fix anything.	11962118	Saya tidak akan memperbaiki apa pun.
11960484	She's Muslim.	11962120	Dia muslim.
11960460	It's half past four.	11962122	Sekarang jam setengah lima.
11960456	We have to kill him.	11962124	Kita harus membunuhnya.
11956995	Are they inside or outside?	11962129	Mereka di dalam atau di luar?
11956986	Put it in.	11962131	Masukkan ke dalam.
11956318	It's on the bed.	11962133	Ada di tempat tidur.
11956314	I drive carefully.	11962135	Saya mengemudi dengan hati-hati.
11956312	Everything will be alright. I promise.	11962138	Semuanya akan baik-baik saja, aku janji.
11956288	That's my bed.	11820544	Itu tempat tidurku.
11953908	I lived here for three years.	11962140	Saya tinggal di sini selama tiga tahun.
11953907	You have to change your clothes.	11962144	Kamu harus ganti baju.
11953900	They are sitting on a bench.	11962146	Mereka sedang duduk di bangku.
11953887	She must have felt that something was wrong.	11962148	Dia pasti merasa ada yang salah.
11953889	She must've felt something was wrong.	11962148	Dia pasti merasa ada yang salah.
11953800	Sometimes I don't know why I'm crying.	11962150	Terkadang saya tidak tahu mengapa saya menangis.
11951578	He wasn't joking.	11962157	Dia tidak bercanda.
7463912	Tom stole Mary's money.	11962160	Tom mencuri uang Mary.
11947699	My aunt is a journalist.	11962163	Bibi saya seorang jurnalis.
11946062	When are they coming home?	11962165	Kapan mereka pulang?
11943420	Tom followed us everywhere.	11962166	Tom mengikuti kami ke mana-mana.
11962168	I'm terrified, too.	11962169	Aku juga ketakutan.
11919600	She is shorter than Tom.	11962170	Dia lebih pendek daripada Tom.
11914238	He wrote this song for his daughter.	11962171	Dia menulis lagu ini untuk putrinya.
11914146	This novel was published in 1862.	11962173	Novel ini diterbitkan pada tahun 1862.
11914107	She doesn't know what Mary is looking for.	11962174	Dia tidak tahu Mary sedang mencari apa.
11911343	Where is your chair?	11962175	Kursimu di mana?
11901374	Click on the red button.	11962176	Klik tombol merah.
11896900	Tom ordered apple juice.	11962179	Tom memesan jus apel.
11896897	That girl is my friend.	11962181	Gadis itu temanku.
11896893	I can count up to seventy.	11962183	Aku bisa menghitung sampai tujuh puluh.
11896881	Let her learn by herself.	11962186	Biarkan dia belajar sendiri.
11962178	The mastodons are extinct.	11962189	Mastodon sudah punah.
11896869	Salad is healthier than fries.	11962192	Salad lebih sehat daripada kentang goreng.
11896843	He says he'll phone tomorrow.	11962193	Dia bilang dia akan menelepon besok.
11888197	I will drive very slowly.	11962195	Saya akan mengemudi dengan sangat pelan.
11887612	Where did they hide?	11962196	Mereka bersembunyi di mana?
11883664	I'm the one who got injured.	11962198	Sayalah yang terluka.
11881152	They haven't eaten anything today.	11962200	Mereka belum makan apa-apa hari ini.
11880685	He won't go anywhere if he goes by foot.	11962202	Dia gak akan ke mana-mana kalau dia jalan kaki.
9951546	The front door is open.	11962205	Pintu depan terbuka.
4296841	This time, I think you're right.	11962208	Kali ini aku pikir kamu benar.
11963142	Tom has some.	11963158	Tom punya beberapa.
11963159	I'm too fast.	11963163	Aku terlalu cepat.
11962966	Adam is reading a book.	11963176	Adam sedang membaca buku.
454468	Jump as high as you can.	929166	Lompatlah setinggi mungkin.
10210986	Ziri slapped Rima.	11963255	Ziri menampar Rima.
8503926	She knew you loved her.	11963257	Dia tahu kamu mencintainya.
11667700	Nothing seemed to be missing from Tobias's apartment.	11963258	Sepertinya tidak ada yang hilang dari apartemen Tobias.
6040266	Tom wrote a book about his family.	11963260	Tom menulis buku tentang keluarganya.
2237623	Tom rescued Mary.	11964449	Tom menyelamatkan Mary.
11963709	Boldi found dog feces on the porch.	11964450	Boldi menemukan kotoran anjing di teras.
2236194	Tom deceived Mary.	3478473	Tom menipu Mary.
2236292	Tom found Mary.	11964452	Tom menemukan Mary.
11963554	Martha slept like a mermaid.	11964453	Martha tidur seperti putri duyung.
801758	He isn't afraid of death.	11964456	Dia tidak takut mati.
5105730	Tom intimidated Mary.	11964458	Tom mengintimidasi Mary.
1417115	We have to obey the rules.	11964468	Kita harus menaati peraturan.
1029232	Tom disappointed Mary.	11964470	Tom mengecewakan Mary.
6662199	Tom likes Mary, too.	11964478	Tom juga menyukai Mary.
4308060	"Don't be like that." "Like what?"	11964551	"Jangan seperti itu." "Seperti apa?"
1761449	Are there any beaches in Germany?	11964583	Apakah ada pantai di Jerman?
1761410	Does Coca-Cola contain caffeine?	11964585	Apakah Coca-Cola mengandung kafein?
11195875	Ziri heard the footsteps of an animal.	11964592	Ziri mendengar suara langkah kaki binatang.
4512186	At first, she thought it was a joke.	11964593	Awalnya, dia pikir itu lelucon.
8749349	I'm mute.	11964607	Aku bisu.
2111753	I'm blind.	11964615	Aku buta.
11964599	Dress modestly.	11964623	Berpakaian sopan.
11964625	Do problem five on the board.	11964634	Kerjakan soal kelima di papan tulis.
11964628	This cheese is delicious.	11964641	Keju ini enak.
9330102	Jim looked to the right and to the left before crossing the street.	11964650	Jim melihat ke kanan dan ke kiri sebelum menyeberang jalan.
11964653	Just imagine!	11964678	Bayangkan saja!
11698512	I'm poor. You're rich.	11696580	Aku miskin. Kamu kaya.
1270554	Leave!	4556833	Pergi!
1349139	Southward.	11965058	Ke arah selatan.
2835472	Indeed!	11965061	Memang!
3077876	Respond.	11965063	Jawab.
3613319	Hello?	11965064	Halo?
4538711	Sad!	4345243	Menyedihkan!
5723530	Correct.	10069363	Benar.
8365490	I don't have an Adam's apple.	11966681	Aku tidak punya jakun.
259299	I waited and waited.	11966812	Aku menunggu dan menunggu.
1821391	He looked at me and smiled.	2932396	Dia melihatku dan tersenyum.
316246	She married him.	4449224	Ia menikah dengannya.
6276632	He married him.	4449226	Ia menikahinya.
10710461	She married her.	4449226	Ia menikahinya.
6276632	He married him.	4449224	Ia menikah dengannya.
10710461	She married her.	4449224	Ia menikah dengannya.
3528020	He married her.	4449224	Ia menikah dengannya.
2401190	Tom says he's not guilty.	11966837	Tom bilang dia tidak bersalah.
7493628	Tom says he isn't guilty.	11966837	Tom bilang dia tidak bersalah.
5024662	Tom says he's innocent.	11966837	Tom bilang dia tidak bersalah.
2401190	Tom says he's not guilty.	5026571	Tom berkata dia tidak bersalah.
7493628	Tom says he isn't guilty.	5026571	Tom berkata dia tidak bersalah.
6651741	Tom said he was innocent.	11966837	Tom bilang dia tidak bersalah.
1024244	Tom said that he was innocent.	11966837	Tom bilang dia tidak bersalah.
6273292	Tom said he's innocent.	11966837	Tom bilang dia tidak bersalah.
7179414	Tom said that he's innocent.	11966837	Tom bilang dia tidak bersalah.
6651741	Tom said he was innocent.	5026571	Tom berkata dia tidak bersalah.
1024244	Tom said that he was innocent.	5026571	Tom berkata dia tidak bersalah.
6273292	Tom said he's innocent.	5026571	Tom berkata dia tidak bersalah.
7179414	Tom said that he's innocent.	5026571	Tom berkata dia tidak bersalah.
250680	He is my brother.	4629642	Dia kakakku.
250680	He is my brother.	4629643	Dia adikku.
469125	She's my older sister.	4629642	Dia kakakku.
288860	He is not an American.	11967145	Dia bukan orang Amerika.
1120774	He isn't an American.	11967145	Dia bukan orang Amerika.
7384729	She cleaned her room.	11967161	Dia membersihkan kamarnya.
7384728	He cleaned his room.	11967161	Dia membersihkan kamarnya.
3171312	Tom is deaf.	11926481	Tom tuli.
10657560	She's deaf.	11969060	Dia tuli.
10114108	He is deaf.	11969060	Dia tuli.
8475544	He's deaf.	11969060	Dia tuli.
11287723	He was deaf.	11969060	Dia tuli.
11287727	She was deaf.	11969060	Dia tuli.
5828646	I'm deaf.	11969064	Aku tuli.
2968640	Are you deaf or stupid?	11969065	Kamu tuli atau bodoh?
9638605	Children should not be drinking wine.	11969072	Anak-anak seharusnya tidak minum anggur.
5446083	We knew we could do it.	11969084	Kami tahu kami bisa melakukannya.
256395	I saw nothing.	11872030	Aku tidak melihat apa-apa.
7912971	He doesn't have any money.	11254613	Dia tidak punya uang.
11532582	My name is Marina.	11969420	Nama saya Marina.
32342	Mariner 9 was launched on May 30, 1971.	11969421	Mariner 9 diluncurkan pada tanggal 30 Mei 1971.
57900	This area is rich in marine products.	11969423	Daerah ini kaya akan hasil laut.
2960907	He's a marine biologist.	11969424	Dia seorang ahli biologi kelautan.
11474853	Lenin wasn't afraid to admit his mistakes.	11969425	Lenin tidak takut mengakui kesalahannya.
256310	I live in Yokohama.	11969427	Saya tinggal di Yokohama.
8421772	He didn't see her.	11969433	Dia tidak melihatnya.
8359924	He didn't see it.	11969433	Dia tidak melihatnya.
8359927	She didn't see it.	11969433	Dia tidak melihatnya.
8421771	He didn't see him.	11969433	Dia tidak melihatnya.
11970176	May I look at it?	11970183	Boleh saya lihat?
448320	Stop!	4611894	Hentikan!
11970211	I'm not wearing glasses.	11970214	Saya tidak memakai kacamata.
4133524	I don't wear glasses.	11970214	Saya tidak memakai kacamata.
11970219	It's four centimetres thick.	11970223	Tebalnya empat sentimeter.
1227202	Thanks for the suggestion.	11970225	Terima kasih atas sarannya.
1025117	Tom is accustomed to working outside.	11970227	Tom sudah terbiasa bekerja di luar.
2674821	Beyoncé and Jay-Z called their daughter Blue Ivy.	11970397	Beyoncé dan Jay-Z menamai putri mereka Blue Ivy.
11429062	Rima walked slowly.	11971505	Rima berjalan perlahan.
6806956	Sami was following Layla on the streets.	11971536	Sami mengikuti Layla di jalanan.
266765	See that the door is locked before you leave.	11971545	Pastikan pintu sudah terkunci sebelum kamu pergi.
11972259	Your house is here.	11973393	Rumahmu ada di sini.
11961033	Her leg's in a cast.	11973394	Kakinya di gips.
11959323	Everyone's invited.	11973395	Semuanya diundang.
1963280	They swam.	4556281	Mereka berenang.
2111355	They understood.	11226947	Mereka mengerti.
2111370	They hugged.	4972761	Mereka saling berpelukan.
2111370	They hugged.	11555841	Mereka berpelukan.
321870	I want to sleep.	7026217	Aku ingin tidur.
11971780	Mary loves playing hopscotch.	11974358	Mary suka sekali bermain engklek.
7498031	She whistled.	11974368	Dia bersiul.
8475984	He whistled.	11974368	Dia bersiul.
1174145	The police officer blew his whistle.	11974371	Petugas polisi polisi itu meniup peluitnya.
2859980	My father recently quit smoking.	11974384	Ayah saya baru saja berhenti merokok.
11849004	We've already been here several times.	11974391	Kita sudah pernah ke sini beberapa kali.
11856664	We've been here several times.	11974391	Kita sudah pernah ke sini beberapa kali.
5916599	We've run out of sugar.	11210469	Kita kehabisan gula.
1555652	Helium, neon, argon, krypton, xenon and radon are noble gases.	11974417	Helium, neon, argon, kripton, xenon, dan radon adalah gas mulia.
9265717	What's an axle?	11975855	Apa itu as?
1886904	Is that important?	5416295	Apakah itu penting?
11787283	It's just a spider.	11975870	Itu cuma laba-laba.
64954	I have a stomachache.	11975895	Aku sakit perut.
8569139	They'll kill you all!	11975940	Mereka akan membunuh kalian semua!
3282630	I don't like his hat.	11976002	Aku tidak suka topinya.
3282631	I don't like her hat.	11976002	Aku tidak suka topinya.
11974940	There is no step three.	11976044	Tidak ada langkah ketiga.
1901606	He is waiting.	11631008	Dia menunggu.
1901608	She is waiting.	11631008	Dia menunggu.
3530086	She's waiting.	11631008	Dia menunggu.
8476159	He's waiting.	11631008	Dia menunggu.
11952925	I shan't talk to him any more.	11976701	Aku tidak akan berbicara dengannya lagi.
31169	I won't talk with him anymore.	11976701	Aku tidak akan berbicara dengannya lagi.
411318	I won't talk to him anymore.	11976701	Aku tidak akan berbicara dengannya lagi.
11952922	I won't talk to him any more.	11976701	Aku tidak akan berbicara dengannya lagi.
11952923	I won't be talking to him any more.	11976701	Aku tidak akan berbicara dengannya lagi.
11952924	I'm not going to talk to him any more.	11976701	Aku tidak akan berbicara dengannya lagi.
11726846	Nevertheless, I shan't give up.	11976727	Meskipun demikian, saya tidak akan menyerah.
2891608	It's not going to happen.	3807531	Itu tidak akan terjadi.
2891899	That isn't going to happen.	3807531	Itu tidak akan terjadi.
2876349	That's not going to happen.	3807531	Itu tidak akan terjadi.
5296474	It will not happen.	3807531	Itu tidak akan terjadi.
5420280	It won't happen.	3807531	Itu tidak akan terjadi.
7197808	It isn't going to happen.	3807531	Itu tidak akan terjadi.
2024	I won't lose!	11976743	Aku tidak akan kalah!
11977757	Tom sells bread.	11977800	Tom menjual roti.
5006760	He's an astronaut.	11977802	Dia seorang astronaut.
9796720	She's an astronaut.	11977802	Dia seorang astronaut.
281993	The cat is sleeping on the sofa.	1033764	Kucing itu sedang tidur diatas sofa.
254607	I named the kitten Tama.	1033799	Kuberi nama anak kucing itu Tama.
813309	She has a white cat.	1033803	Dia memiliki seekor kucing berwarna putih.
1300103	He has a white cat.	1033803	Dia memiliki seekor kucing berwarna putih.
9125211	This cat is gay.	11978118	Kucing ini homo.
378502	I have a dog.	10614823	Saya punya anjing.
48218	The dog seems to be sick.	785857	Anjing itu nampaknya sakit.
11143175	Don't go near that dog.	929109	Jangan dekati anjing itu.
48288	Don't go near the dog.	929109	Jangan dekati anjing itu.
48286	Don't approach the dog.	929109	Jangan dekati anjing itu.
257248	I keep a dog.	4113337	Saya memelihara seekor anjing.
48281	The dog's name is Ken.	1065535	Nama anjing itu adalah ken.
266065	Help me.	7026223	Tolong aku.
1124471	Me too.	11978129	Saya juga.
321985	Me, too.	11978129	Saya juga.
262324	So do I.	11978129	Saya juga.
1349974	Forgive me.	11132537	maafkan aku
1913090	Tell me.	11978130	Beri tahu aku.
10228899	Fight me.	11978131	Lawan aku.
250318	Let me alone.	11978132	Biarkan aku sendiri.
262412	Look at me.	11978135	Lihat aku.
482613	You disappointed me.	7153016	Kamu membuatku kecewa.
1026231	Tom disappointed me.	7153018	Tom membuatku kecewa.
1302459	Let me pay.	5868224	Biarkan saya yang membayar.
1250350	That's me.	11978136	Itu aku.
1554612	Let me try.	4556306	Biar saya coba.
2649099	Tom ignored me.	11978139	Tom tidak menghiraukanku.
6000232	Let me try!	5999288	Mari saya coba!
11860249	This worries me.	11978140	Ini membuat saya khawatir.
39993	Excuse me a minute.	10716686	Permisi sebentar.
3393231	Excuse me a moment.	10716686	Permisi sebentar.
268823	Do you believe me?	7026222	Kamu percaya padaku?
353241	Let me introduce myself.	10057237	Izinkan saya memperkenalkan diri.
452218	Allow me to introduce myself.	10057237	Izinkan saya memperkenalkan diri.
638891	Don't disappoint me.	7153020	Jangan buat aku kecewa.
1173313	Don't touch me!	10005780	Jangan sentuh aku!
1216457	You are boring me!	4555738	Kamu membuatku bosan!
2588669	No one can stop me.	8453408	Tidak ada yang bisa menghentikanku.
3909457	Nobody can stop me.	8453408	Tidak ada yang bisa menghentikanku.
2206664	He laughed at me.	10930653	Dia menertawakan saya.
2661870	He's kicking me.	11978144	Dia menendangku.
2995269	Thanks for helping me.	11978145	Terima kasih sudah membantu saya.
3423466	You're boring me!	3362967	Anda membuat saya bosan!
3426422	Allow me to explain.	5999509	Izinkan saya menerangkan.
56839	Please give me this book.	3992408	Tolong berikan buku ini untuk saya.
66772	Don't give me that!	3897702	Jangan berikan itu padaku!
250149	Please give me some water.	7061810	Tolong beri aku air.
250150	Give me some water, please.	7061810	Tolong beri aku air.
298099	He called me a coward.	4164090	Dia memanggilku pengecut.
314228	She gave me a doll.	10069331	Dia memberikanku sebuah boneka.
314228	She gave me a doll.	10069332	Dia memberikan sebuah boneka kepadaku.
317011	She is angry with me.	4329104	Dia marah padaku.
323128	You can visit me tomorrow.	2699195	Anda bisa mengunjungi saya besok.
707417	You are taller than me.	11259715	Kamu lebih tinggi dariku.
749281	He's taller than me.	894568	Dia lebih tinggi daripada saya.
1026036	Tom doesn't like me.	10256267	Tom tidak menyukaiku.
1520275	Tom is taller than me.	4454950	Tom lebih tinggi ketimbang aku.
1977711	My dad will kill me.	11978159	Ayahku akan membunuhku.
2284298	She'll never forgive me.	2696558	Dia tidak akan pernah memaafkanku.
2451628	Can you teach me French?	5861258	Bisakah Anda mengajari saya bahasa Prancis?
2762808	Leave it up to me.	8558427	Serahkan padaku.
3415382	Tom doesn't love me.	10256270	Tom tidak menyayangiku.
3824532	Could you teach me French?	5861258	Bisakah Anda mengajari saya bahasa Prancis?
3912822	Why do you like me?	5878940	Kenapa sih kamu suka sama aku?
4135281	Tom's older than me.	4454941	Tom lebih tua ketimbang aku.
25075	Please give me something to eat.	11978191	Tolong berikan saya sesuatu untuk dimakan.
36386	Tell me why he was absent.	4453172	Katakan aku alasan kenapa ia tidak hadir.
38652	I wonder why nobody told me.	4556259	Saya heran kenapa tak seorang pun memberi tahu saya.
62610	Please show me your injured arm.	1800270	Tolong perlihatkan kepada saya, lengan kamu yang terluka.
73671	"Let me alone," she said angrily.	779165	"Biarkan saya sendiri", dia berkata dengan marah.
388931	"Leave me alone," she said angrily.	779165	"Biarkan saya sendiri", dia berkata dengan marah.
292907	He doesn't altogether trust me.	1509230	Dia tidak sepenuhnya mempercayaiku.
297545	He encouraged me to try again.	778175	Dia menyemangati saya untuk mencoba lagi.
308237	Tell me why she is crying.	978560	Beritahu saya kenapa dia menangis.
7713668	Tell me why he is crying.	978560	Beritahu saya kenapa dia menangis.
6391913	Tell me why she's crying.	978560	Beritahu saya kenapa dia menangis.
7713670	Tell me why he's crying.	978560	Beritahu saya kenapa dia menangis.
321433	Please make a milkshake for me.	10502783	Tolong buatkan susu kocok untukku.
324584	Did you call me last night?	10240643	Kamu meneleponku kemarin malam?
3914400	They're interviewing her.	11978239	Mereka mewawancarainya.
3914416	They're interrogating her.	11978244	Mereka menginterogasinya.
8476002	I hugged him.	11239599	Aku memeluk dia.
285017	I remember seeing him.	6002786	Saya ingat melihat dia.
285017	I remember seeing him.	6002787	Saya ingat melihatnya.
3918049	I have to fire him.	11978245	Saya harus memecatnya.
260107	I don't consider him honest.	11978246	Saya tidak menganggapnya jujur.
1104707	The event made him famous.	11978247	Kejadian itu membuatnya terkenal.
263243	We usually call him Toshi.	11978248	Biasanya kami memanggilnya Toshi.
260126	I saw him crossing the street.	11978249	Aku melihatnya menyeberang jalan.
260124	I saw him cross the street.	3479856	Aku melihat dia menyeberang jalan.
260129	I saw him crossing the road.	3479856	Aku melihat dia menyeberang jalan.
260130	I saw him cross the road.	3479856	Aku melihat dia menyeberang jalan.
261057	I saw her crossing the street.	3479856	Aku melihat dia menyeberang jalan.
260124	I saw him cross the street.	11978249	Aku melihatnya menyeberang jalan.
260129	I saw him crossing the road.	11978249	Aku melihatnya menyeberang jalan.
260130	I saw him cross the road.	11978249	Aku melihatnya menyeberang jalan.
261057	I saw her crossing the street.	11978249	Aku melihatnya menyeberang jalan.
248686	We criticized her for her behavior.	11978251	Kami mengecamnya atas perilakunya.
261033	I heard her sing a song.	816378	Saya mendengar dia menyanyikan sebuah lagu.
4224117	I'll phone her tonight.	11978255	Aku akan meneleponnya malam ini.
3913756	We can't leave her alone.	11978256	Kita tidak bisa meninggalkannya sendirian.
456717	She is called Mei. She is cooking in the kitchen.	4556582	Dia si Mei. Dia memasak di dapur.
65098	His grandfather bought him the expensive toy.	11978258	Kakeknya membelikannya mainan mahal itu.
6827073	Tom didn't tell me the reason why he was late.	11227655	Tom tidak memberitahu saya alasan mengapa dia terlambat.
4494069	Who is taller, Tom or Mary?	11978261	Siapa yang lebih tinggi, Tom atau Mary?
1027676	Who's taller, Tom or Mary?	11978261	Siapa yang lebih tinggi, Tom atau Mary?
9995441	Yanni isn't there.	11978263	Yanni tidak ada di sana.
11975823	I have a driving licence, but I don't have a car.	11978265	Saya punya SIM, tapi saya tidak punya mobil.
67872	Look at that cat. It is Mr Brown's.	11978266	Lihat kucing itu. Kucing itu milik Tn. Brown.
11975926	I'm not very good at writing poetry.	11978268	Aku tidak terlalu pandai menulis puisi.
11977019	Tom is a garbage man.	11978270	Tom itu tukang sampah.
257060	I owe you 3,000 yen.	11978296	Aku berutang 3.000 yen padamu.
11124031	There are over 3,000 pupils at Tom's school.	11978305	Ada lebih dari 3.000 murid di sekolah Tom.
11124029	There are more than 3,000 pupils at Tom's school.	11978305	Ada lebih dari 3.000 murid di sekolah Tom.
5698496	I've written about 3,000 words so far.	11978309	Aku sudah menulis sekitar 3.000 kata sejauh ini.
2360416	I have three million dollars.	11978326	Aku punya tiga juta dolar.
10165653	If the person is only passing through, one or two exchanges are sufficient, and then he will say "I am going now," to which the other person is responds, "Ok." If the person wished to be evasive, he may respond with "I'm going over there," and he is not usually questioned further.	10165655	Jika orang itu hanya lewat, satu atau dua pertukaran sudah cukup, dan kemudian dia akan berkata, "Saya pergi sekarang," yang ditanggapi orang lain, "Oke." Jika orang tersebut ingin mengelak, dia dapat menjawab dengan "Saya pergi ke sana," dan dia biasanya tidak ditanyai lebih lanjut.
34684	I have an idea.	4132449	Aku punya ide.
383331	Can you teach me how to fly?	11134958	bisakah kamu mengajarkan aku terbang?
314223	She got me a tiny toy.	1019401	Dia membelikan aku sebuah mainan kecil.
36405	Why are you crying?	3274637	mengapa kamu menangis ?
288764	He will be waiting for you.	3327034	Dia akan menunggu kamu.
580465	He'll wait for you.	3327034	Dia akan menunggu kamu.
2645609	Why aren't you working?	3327592	Mengapa kamu tidak bekerja?
3199992	Who told you to go home?	11978534	Siapa suruh kamu pulang?
3199992	Who told you to go home?	11978535	Siapa yang menyuruhmu pulang?
7984859	Why do you want to become a lawyer?	10590105	Mengapa kamu ingin menjadi pengacara?
868667	Why did you fail on the entrance examination?	788232	Mengapa kamu gagal di ujian masuk?
38647	Why did you fail the entrance examination?	788232	Mengapa kamu gagal di ujian masuk?
2383984	I want to invite you to the party.	3363056	Saya ingin mengundang kamu ke pesta.
3818315	I haven't received anything yet.	11978551	Aku belum menerima apa pun.
3818315	I haven't received anything yet.	11978555	Saya belum menerima apa pun.
11978838	I'm actually not Canadian.	11978848	Aku sebenarnya bukan orang Kanada.
2273289	Tom is my assistant.	11978851	Tom adalah asisten saya.
3907517	I was very close to them.	11979174	Aku sangat dekat dengan mereka.
11979092	I filled in the form carefully.	11979180	Aku mengisi formulir dengan cermat.
10713461	I filled out the form carefully.	11979180	Aku mengisi formulir dengan cermat.
10744227	I filled the form in carefully.	11979180	Aku mengisi formulir dengan cermat.
11979269	Yes, I see them.	11979272	Ya, saya melihat mereka.
11979273	Taxi, follow that car.	11979274	Taksi, ikuti mobil itu.
11979267	I'll have an ice cream and a Coca-Cola.	11979277	Saya pesan es krim dan Coca-Cola.
11712073	I fell in love with that lady.	11979278	Aku jatuh cinta dengan perempuan itu.
11442554	Let's have dinner!	11979279	Ayo kita makan malam!
10929106	This is my wife Anda.	11979498	Ini istri saya, Anda.
42148	It's secret.	8872679	Itu rahasia.
433821	It's a secret.	8872679	Itu rahasia.
708285	It is a secret.	8872679	Itu rahasia.
2743065	That's a secret.	8872679	Itu rahasia.
4910184	That is a secret.	8872679	Itu rahasia.
312826	She called me many a time.	11980363	Dia menelepon saya berkali-kali.
10004533	We're not like Tom and Mary.	11980367	Kami tidak seperti Tom dan Mary.
10032787	We aren't like Tom and Mary.	11980367	Kami tidak seperti Tom dan Mary.
73659	"I'm Japanese," the boy answered.	11980372	"Saya orang Jepang," jawab anak laki-laki itu.
281509	Japan is surrounded by sea.	1324921	Jepang dikelilingi laut.
259823	I cannot speak Japanese.	1560452	Saya tidak bisa bahasa Jepang.
1069888	I can't speak Japanese.	1560452	Saya tidak bisa bahasa Jepang.
259832	I couldn't speak Japanese.	1560452	Saya tidak bisa bahasa Jepang.
453392	I have to learn Japanese.	5268917	Aku harus belajar bahasa Jepang.
672796	I must learn Japanese.	5268917	Aku harus belajar bahasa Jepang.
3456442	Who can speak Japanese?	10590116	Siapa yang bisa berbahasa Jepang?
7964616	Do you like Japanese cuisine?	11227613	Apakah kamu suka masakan Jepang?
525267	"Tatoeba" means "for example" in Japanese.	986166	"Tatoeba" dalam Bahasa Jepang berarti "contohnya".
69722	You have to study Japanese harder.	940045	Kamu harus belajar bahasa Jepang lebih giat.
1421763	My father has recently returned to Japan.	1019718	Ayah baru saja kembali pulang ke Jepang.
319143	Father has recently come back to Japan.	1019718	Ayah baru saja kembali pulang ke Jepang.
277696	Do you know who the British Ambassador to Japan is?	774982	Apakah kamu tahu siapa duta besar Inggris untuk Jepang?
11979611	That's a transformer.	11980465	Itu trafo.
7386379	She turned on her computer.	11980504	Dia menyalakan komputernya.
7386378	He turned on his computer.	11980504	Dia menyalakan komputernya.
11980544	This is the novel he wrote.	11980559	Ini novel yang dia tulis.
2111837	Finish this.	11980884	Selesaikan ini.
9251147	That's not a toy.	11980478	Itu bukan mainan.
9251148	That isn't a toy.	11980478	Itu bukan mainan.
6846745	It's not a toy.	11980478	Itu bukan mainan.
7198737	It isn't a toy.	11980478	Itu bukan mainan.
2561847	He's just a friend.	11980885	Dia hanya teman.
11982707	I've always wanted to see Uranus.	11982708	Saya selalu ingin melihat Uranus.
7213475	Sami is bisexual.	11983250	Sami biseksual.
2111310	They're different.	11983251	Mereka berbeda.
10768576	They differ.	11983251	Mereka berbeda.
2111531	Something's changed.	11983258	Ada sesuatu yang berubah.
4496469	Something has changed.	11983258	Ada sesuatu yang berubah.
7497604	Taninna phoned.	11983311	Taninna menelepon.
27488	What's done cannot be undone.	11160271	Nasi sudah menjadi bubur.
1808280	What's done can't be undone.	11160271	Nasi sudah menjadi bubur.
6102762	There's no use crying over spilled milk.	11160271	Nasi sudah menjadi bubur.
23651	It is no use crying over spilt milk.	11160271	Nasi sudah menjadi bubur.
576622	What's done is done.	11160271	Nasi sudah menjadi bubur.
8056973	There is no use crying over spilt milk.	11160271	Nasi sudah menjadi bubur.
20094	What is done cannot be undone.	11160271	Nasi sudah menjadi bubur.
11984098	Why doesn't anyone want to be friends with me?	11984102	Mengapa tidak ada yang mau berteman denganku?
11984096	I like cold weather more than hot weather.	11984103	Aku lebih suka cuaca dingin daripada cuaca panas.
6358671	Tom swims here.	11984378	Tom berenang di sini.
2549310	I'm not sure yet.	4556326	Saya belum yakin.
17421	I believe you.	11134968	aku percaya kamu
11979611	That's a transformer.	11985144	Itu transformator.
319608	You have to clean your room.	3363282	Kamu harus membersihkan kamarmu.
55975	Is this your book?	4323167	Apa ini bukumu?
11984099	You're never going to see me again.	11985926	Kau tidak akan pernah melihatku lagi.
11766079	I live in Belgrade.	11985928	Saya tinggal di Beograd.
1712957	You bought an expensive coat.	11985929	Kamu membeli mantel yang mahal.
6611926	Time's up.	11986058	Waktu habis.
3423897	Welcome to Hell!	11655400	Selamat datang di neraka!
8546911	They found a giraffe carcass.	11986098	Mereka menemukan bangkai jerapah.
6101645	Layla initially thought the body was a deer carcass.	11986101	Awalnya Layla mengira mayat itu bangkai rusa.
11990035	I have a green apple.	11990062	Aku punya apel hijau.
11026963	He is sleeping in the car.	11658804	Dia tidur di dalam mobil.
11026415	She bit me.	11990110	Dia menggigitku.
8475593	He bit me.	11990110	Dia menggigitku.
6121105	Dance!	11992428	Menarilah!
3926889	You danced.	11468088	Kalian menari.
8748721	It's coconut.	11994013	Itu kelapa.
5296496	Daniel is making coconut juice.	11994015	Daniel sedang membuat jus kelapa.
11993948	Hey! Listen!	11994016	Hei! Dengarkan!
11992129	Tom sold bread.	11977800	Tom menjual roti.
11992131	Tom sold the bread.	11977800	Tom menjual roti.
11992066	They scare me.	11994032	Mereka membuatku takut.
11992009	Aramaic is still spoken in Kurdistan.	11994033	Bahasa Aram masih digunakan di Kurdistan.
11992084	It can't be eaten.	11994034	Itu tidak bisa dimakan.
11992100	She comes from Scotland.	11994035	Dia berasal dari Skotlandia.
11992062	Take her to the doctor, she's sick.	11994036	Bawa dia ke dokter, dia sedang sakit.
11992021	I live in Philadelphia.	11994037	Saya tinggal di Philadelphia.
11992134	"No!" is one of my favorite words.	11994038	"Tidak!" adalah salah satu kata favorit saya.
11992206	My granddaughter came to see me yesterday afternoon.	11994040	Cucu saya datang menemui saya kemarin sore.
11992157	You don't have a bike.	11994041	Kamu tidak punya sepeda.
11992442	Do not talk too much.	11994042	Jangan terlalu banyak bicara.
11992120	Yesterday there was an accident on the highway.	11994043	Kemarin ada kecelakaan di jalan raya.
11992609	You should've waited for Tom.	11994044	Kamu seharusnya menunggu Tom.
11992598	Would you mind if I kiss you?	11994045	Apa kau keberatan kalau aku menciummu?
11449430	Ziri disappeared in 2004.	11994058	Ziri menghilang pada tahun 2004.
3920949	Forget about him.	11994060	Lupakan dia.
4838269	Forget her.	11994060	Lupakan dia.
286516	Forget him.	11994060	Lupakan dia.
534727	Forget about her.	11994060	Lupakan dia.
11808389	Press Alt+F4.	11995035	Tekan Alt+F4.
8327942	That's milk.	11995041	Itu susu.
8326564	That is milk.	11995041	Itu susu.
11915290	I cry.	11817883	Aku menangis.
11905039	Take him to the doctor. He's sick.	11994036	Bawa dia ke dokter, dia sedang sakit.
6645839	Tom bought bread.	11995147	Tom membeli roti.
11992132	Tom bought the bread.	11995147	Tom membeli roti.
11175706	Are humans fish?	11995486	Apakah manusia itu lkan?
11995192	His eyes sparkled.	11995487	Matanya berbinar-binar.
11995138	The sun has appeared.	11995488	Matahari telah muncul.
11994653	He was drawing.	11995489	Dia sedang menggambar.
4350339	He is drawing.	11995489	Dia sedang menggambar.
7840171	She is drawing.	11995489	Dia sedang menggambar.
11167422	The boy is painting.	11995490	Anak laki-laki itu sedang melukis.
8982025	The boy is drawing.	11995491	Anak laki-laki itu sedang menggambar.
3065313	I love Mary.	11995493	Aku mencintai Mary.
1868465	Tom and Mary went outside.	11995494	Tom dan Mary pergi ke luar.
6225859	Tom says he didn't know Mary couldn't swim.	11995495	Tom bilang dia tidak tahu kalau Mary tidak bisa berenang.
6225860	Tom says he didn't know Mary wasn't able to swim.	11995495	Tom bilang dia tidak tahu kalau Mary tidak bisa berenang.
6225845	Tom said he didn't know Mary couldn't swim.	11995495	Tom bilang dia tidak tahu kalau Mary tidak bisa berenang.
6650361	Tom said that he didn't know that Mary couldn't swim.	11995495	Tom bilang dia tidak tahu kalau Mary tidak bisa berenang.
6654849	Tom said he didn't know that Mary couldn't swim.	11995495	Tom bilang dia tidak tahu kalau Mary tidak bisa berenang.
11995498	She was drawing.	11995489	Dia sedang menggambar.
8476700	He's panting.	11995499	Dia terengah-engah.
11995500	He's drawing.	11995489	Dia sedang menggambar.
5839932	I sell fruit.	11995750	Saya menjual buah-buahan.
5485087	Only three people were in the room.	12002220	Hanya ada tiga orang di ruang tersebut
7503150	I thought that Tom would be able to do that on October 20th.	12002222	Saya kira Tom akan bisa melakukan itu pada tanggal 20 Oktober
10648551	I didn't realize that what you were doing was helping me.	12002249	Saya tidak sadar bahwa apa yang sedang anda lakukan, membantu saya
5752428	That's changing, too.	12002252	Hal itu juga sedang berubah．
12005400	I travel with my family every year.	12005490	Saya bepergian dengan keluarga saya setiap tahun.
12005428	I don't know much about cars.	12005491	Saya tidak tahu banyak tentang mobil.
11918884	Some people like summer, while others like winter.	12005508	Ada yang menyukai musim panas, ada juga yang menyukai musim dingin.
12005496	I will go teach in Ukraine.	12005514	Saya akan mengajar di Ukraina.
55625	This isn't mine.	12005516	Ini bukan milikku.
5296445	This is not mine.	12005516	Ini bukan milikku.
12006828	I have never been there.	12006894	Saya belum pernah ke sana.
12006828	I have never been there.	12006895	Aku belum pernah ke sana.
12006874	My brother had a lot of German friends.	12006896	Kakak saya punya banyak teman dari Jerman.
2548687	I'm older than Tom.	12006897	Aku lebih tua daripada Tom.
9621172	I don't think we need to do this.	12006898	Saya rasa kita tidak usah melakukan ini.
10332265	That voice is inaudible.	12006899	Suara itu tidak terdengar.
417026	I made a doll for Ann.	12006901	Aku membuat boneka untuk Ann.
7398956	He often cries when he's drunk.	12006909	Dia sering menangis saat dia mabuk.
11980595	Tom's in that tent.	12006921	Tom ada di dalam tenda itu.
11979852	My brother Lou is in Budapest.	12006923	Kakak saya, Lou, sedang berada di Budapest.
12007052	Japanese is not taught in high school, so I study on my own.	12007064	Bahasa Jepang tidak diajarkan di SMA, jadi saya belajar sendiri.
6877210	You write, I read.	12007390	Anda menulis, saya membaca.
6877210	You write, I read.	12007391	Kamu menulis, aku membaca.
11939193	Time for bed!	12007544	Waktunya tidur!
300798	He was brought up by her grandmother.	11334743	Dia dibesarkan oleh neneknya.
8789051	Ta!	4701310	Makasih!
12010852	This candy is sweet.	12010856	Permen ini rasanya manis.
12010564	Dog chases cat, cat chases rat.	12010862	Anjing mengejar kucing, kucing mengejar tikus.
12006844	Is there a protector on the part that is spinning?	11248882	Apakah terdapat pelindung pada bagian yang berputar?
12006833	You can log in from your phone or from your computer.	12010879	Anda dapat masuk dari ponsel atau komputer Anda.
12008514	First I thought she was ill.	3479796	Pada awalnya aku mengira dia sakit.
12005107	At first, I thought she was ill.	3479796	Pada awalnya aku mengira dia sakit.
12009744	Clarity is more important than simplicity.	12010930	Kejelasan lebih penting daripada kesederhanaan.
12010972	Don't be pessimistic.	11071191	Jangan pesimis.
12011568	It is not important.	11281838	Itu tidak penting.
1514238	It isn't important.	11281838	Itu tidak penting.
2251157	That's not important.	11281838	Itu tidak penting.
3722171	It's of no importance.	11281838	Itu tidak penting.
2123582	It's safer.	12011588	Ini lebih aman.
12011567	It is safer.	12011588	Ini lebih aman.
12011063	Please don't go there. It is dangerous.	12011592	Tolong jangan pergi ke sana, tempat itu berbahaya.
12011598	I promise I won't lie.	12011607	Saya berjanji tidak akan berbohong.
12011614	Are there safety fences?	11248811	Apakah terdapat pagar pengaman?
12012773	I'm not a doll.	12006902	Aku bukan boneka.
8805813	I can't read your thoughts.	1032253	Aku tidak bisa membaca pikiranmu.
246229	I can't read your mind.	12012774	Saya tidak bisa membaca pikiran Anda.
8805813	I can't read your thoughts.	12012774	Saya tidak bisa membaca pikiran Anda.
12015680	Tom didn't see anything suspicious.	12016299	Tom tidak melihat sesuatu yang mencurigakan.
12016294	We'll find your car.	12016301	Kami akan menemukan mobil Anda.
12014541	Nobody's satisfied.	12016305	Tidak ada yang merasa puas.
12014657	The bag was not closed.	12016307	Tasnya tidak ditutup.
12014720	Next month, my little brother will turn 20.	12016308	Bulan depan, adik laki-laki saya akan berusia 20 tahun.
12015915	I work from nine to six.	12016312	Saya bekerja dari jam sembilan sampai jam enam.
12015919	My uncle doesn't have any arms.	12016314	Paman saya tidak punya lengan.
12016042	I like Pepsi better than Coke.	12016315	Saya lebih suka Pepsi daripada Coca-Cola.
12016154	That's a marker, not a pen.	12016316	Itu spidol, bukan pena.
11821458	They are the best.	11696449	Mereka yang terbaik.
11820853	They're the best.	11821457	Merekalah yang terbaik.
5541972	Tom was raised by his uncle.	12008995	Tom dibesarkan oleh pamannya.
8351305	Tom was brought up by his uncle.	12008995	Tom dibesarkan oleh pamannya.
477061	No.	11479328	Enggak.
7038403	It's made of steel.	12020833	Itu terbuat dari baja.
7038404	It is made of steel.	12020833	Itu terbuat dari baja.
12020343	Give us peas.	12020842	Beri kami kacang polong.
12019547	They ordered them.	12020845	Mereka memesannya.
924028	Don't forget to answer his letter.	924022	Jangan lupa membalas suratnya.
8121228	I did not see anything.	11872030	Aku tidak melihat apa-apa.
2269328	I didn't see a thing.	11872030	Aku tidak melihat apa-apa.
259872	I am pregnant.	11324925	Saya sedang hamil.
259872	I am pregnant.	11397644	Saya hamil.
281965	I'm expecting.	11324925	Saya sedang hamil.
281965	I'm expecting.	11397644	Saya hamil.
12027060	She'll find us.	12027479	Dia akan menemukan kita.
8477241	He'll find us.	12027479	Dia akan menemukan kita.
12026919	I live with my brother.	12027480	Saya tinggal bersama kakak saya.
12027108	They had breakfast in the kitchen.	12027481	Mereka sarapan di dapur.
12027260	Water boils at 212°F.	12027482	Air mendidih pada suhu 212°F.
12026655	Today is the last day of work.	12027483	Hari ini hari terakhir kerja.
11996876	It's now half past ten.	12027484	Sekarang sudah pukul setengah sebelas.
11996876	It's now half past ten.	12027485	Sekarang sudah jam setengah sebelas.
12026103	Mrs. Harris is very worried about her son's future.	12027486	Ibu Harris sangat mengkhawatirkan masa depan putranya.
11956844	Yuri pressed the button and held his breath.	12027493	Yuri menekan tombol itu dan menahan napasnya.
10741055	There are many fish in the sea.	12027532	Ada banyak ikan di dalam laut.
11440905	Ziri spent the majority of his time in Tigzirt.	12027612	Ziri menghabiskan sebagian besar waktunya di Tigzirt.
10204442	Ziri disappeared.	12027618	Ziri menghilang.
10208172	Ziri has disappeared.	12027618	Ziri menghilang.
10897452	Ziri vanished.	12027618	Ziri menghilang.
12024380	Did you see something suspicious?	12027620	Apakah Anda melihat sesuatu yang mencurigakan?
12000604	This insect is so tiny.	12027621	Serangga ini sangat kecil.
12027142	The bathroom door is locked.	12027625	Pintu kamar mandi terkunci.